INSERT INTO CHORDS(chord_fullname, roots, qualities, barres, capo, frets, fingers) 
        VALUES  ('g-major', 'G', 'Major', 'None', 'False', '3, 2, 0, 0, 0, 3', '3, 2, 0, 0, 0, 4'),
                ('g#-major', 'G#', 'Major', '4', 'False', '4, 6, 6, 5, 4, 4', '1, 3, 4, 2, 1, 1'),
                ('ab-major', 'Ab', 'Major', '4', 'False', '4, 6, 6, 5, 4, 4', '1, 3, 4, 2, 1, 1'),
                ('a-major', 'A', 'Major', 'None', 'False', '-1, 0, 2, 2, 2, 0', '0, 0, 2, 3, 4, 0'),
                ('a#-major', 'A#', 'Major', '1', 'False', '-1, 1, 3, 3, 3, 1', '0, 1, 2, 3, 4, 1'),
                ('bb-major', 'Bb', 'Major', '1', 'False', '-1, 1, 3, 3, 3, 1', '0, 1, 2, 3, 4, 1'),
                ('b-major', 'B', 'Major', '2', 'False', '-1, 2, 4, 4, 4, 2', '0, 1, 2, 3, 4, 1'),
                ('b#-major', 'B#', 'Major', '3', 'False', '-1, 3, 5, 5, 5, 3', '0, 1, 2, 3, 4, 1'),
                ('cb-major', 'Cb', 'Major', '2', 'False', '-1, 2, 4, 4, 4, 2', '0, 1, 2, 3, 4, 1'),
                ('c-major', 'C', 'Major', 'None', 'False', '-1, 3, 2, 0, 1, 0', '0, 3, 2, 0, 1, 0'),
                ('d-major', 'D', 'Major', 'None', 'False', '-1, -1, 0, 2, 3, 2', '0, 0, 0, 1, 3, 2'),
                ('e-major', 'E', 'Major', 'None', 'False', '0, 2, 2, 1, 0, 0', '0, 2, 3, 1, 0, 0'),
                ('fb-major', 'Fb', 'Major', 'None', 'False', '0, 2, 2, 1, 0, 0', '0, 2, 3, 1, 0, 0'),
                ('f-major', 'F', 'Major', '1', 'False', '1, 3, 3, 2, 1, 1', '1, 3, 4, 2, 1, 1'),
                ('f#-major', 'F#', 'Major', '2', 'False', '2, 4, 4, 3, 2, 2', '1, 3, 4, 2, 1, 1'),
                ('gb-major', 'Gb', 'Major', '2', 'False', '2, 4, 4, 3, 2, 2', '1, 3, 4, 2, 1, 1'),
                ('a-minor', 'A', 'Minor', 'None', 'False', '-1, 0, 2, 2, 1, 0', '0, 0, 2, 3, 1, 0'),
                ('b-minor', 'B', 'Minor', '2', 'False', '-1, 2, 4, 4, 3, 2', '0, 1, 2, 3, 4, 1'),
                ('c-minor', 'C', 'Minor', '3', 'False', '-1, 3, 5, 5, 4, 3', '0, 1, 2, 3, 4, 1'),
                ('d-minor', 'D', 'Minor', 'None', 'False', '-1, -1, 0, 2, 3, 1', '0, 0, 0, 2, 4, 1'),
                ('e-minor', 'E', 'Minor', 'None', 'False', '0, 2, 2, 0, 0, 0', '0, 2, 3, 0, 0, 0'),
                ('fb-minor', 'Fb', 'Minor', 'None', 'False', '0, 2, 2, 0, 0, 0', '0, 2, 3, 0, 0, 0'),
                ('f-minor', 'F', 'Minor', '1', 'False', '1, 3, 3, 1, 1, 1', '1, 3, 4, 1, 1, 1'),
                ('g-minor', 'G', 'Minor', '3', 'False', '3, 5, 5, 3, 3, 3', '1, 3, 4, 1, 1, 1'),
                ('g-7', 'G', '7', 'None', 'False', '3, 2, 0, 0, 0, 1', '3, 2, 0, 0, 0, 1'),
                ('a-7', 'A', '7', 'None', 'False', '-1, 0, 2, 0, 2, 0', '0, 0, 2, 0, 3, 0'),
                ('a#-7', 'A#', '7', '1', 'False', '-1, 1, 3, 1, 3, 1', '0, 1, 3, 1, 4, 1'),
                ('bb-7', 'Bb', '7', '1', 'False', '-1, 1, 3, 1, 3, 1', '0, 1, 3, 1, 4, 1'),
                ('b-7', 'B', '7', 'None', 'False', '-1, 2, 1, 2, 0, 2', '0, 2, 1, 3, 0, 4'),
                ('c-7', 'C', '7', 'None', 'False', '-1, 3, 2, 3, 1, 0', '0, 3, 2, 4, 1, 0'),
                ('d-7', 'D', '7', 'None', 'False', '-1, -1, 0, 2, 1, 2', '0, 0, 0, 2, 1, 3'),
                ('e-7', 'E', '7', 'None', 'False', '0, 2, 0, 1, 0, 0', '0, 2, 0, 1, 0, 0'),
                ('fb-7', 'Fb', '7', 'None', 'False', '0, 2, 0, 1, 0, 0', '0, 2, 0, 1, 0, 0'),
                ('f-7', 'F', '7', '1', 'False', '1, 3, 1, 2, 1, 1', '1, 3, 1, 2, 1, 1'),
                ('f#-7', 'F#', '7', '1', 'False', '2, 4, 2, 4, 2, 2', '1, 3, 1, 2, 1, 1'),
                ('gb-7', 'Gb', '7', '1', 'False', '2, 4, 2, 4, 2, 2', '1, 3, 1, 2, 1, 1'),
                ('a-maj7', 'A', 'maj7', 'None', 'False', '-1, 0, 2, 1, 2, 0', '0, 0, 2, 1, 3, 0'),
                ('bb-maj7', 'Bb', 'maj7', '1', 'False', '-1, 1, 3, 2, 3, 1', '0, 1, 3, 2, 4, 1'),
                ('a-min7', 'A', 'min7', 'None', 'False', '-1, 0, 2, 0, 1, 0', '0, 0, 2, 0, 1, 0'),
                ('e-min7', 'E', 'min7', 'None', 'False', '0, 2, 0, 0, 0, 0', '0, 2, 0, 0, 0, 0');
                
INSERT INTO USERS(username, password, profile_picture, bio, is_admin)
        VALUES('testuser', 'testtest', 'https://picsum.photos/200/300', 'test user', FALSE),  
              ('testuser2', 'testtest', 'https://picsum.photos/200/300', 'test user 2', FALSE),
              ('testadmin', 'admin', 'https://picsum.photos/200/300', 'test admin', TRUE);

INSERT INTO PROGRESSIONS(chord_1, chord_2, chord_3, chord_4)
        VALUES('c-major', 'a-minor', 'f-major', 'g-major'),
                ('c-major', 'a-minor', 'f-major', 'g-7'),
                ('d-major', 'b-minor', 'g-major', 'a-major'),
                ('d-major', 'b-minor', 'g-major', 'a-7'),
                ('e-minor', 'c-major', 'g-major', 'd-major'),
                ('a-minor', 'g-major', 'f-major', 'e-7');             