INSERT INTO CHORDS(chord_fullname, roots, qualities, barres, capo, frets, fingers) 
        VALUES  ('g-major', 'G', 'Major', 'None', 'False', '3, 2, 0, 0, 0, 3', '3, 2, 0, 0, 0, 4'),
                ('g#-major', 'G#', 'Major', '4', 'False', '4, 6, 6, 5, 4, 4', '1, 3, 4, 2, 1, 1'),
                ('ab-major', 'Ab', 'Major', '4', 'False', '4, 6, 6, 5, 4, 4', '1, 3, 4, 2, 1, 1'),
                ('a-major', 'A', 'Major', 'None', 'False', '-1, 0, 2, 2, 2, 0', '0, 0, 2, 3, 4, 0'),
                ('a#-major', 'A#', 'Major', '1', 'False', '-1, 1, 3, 3, 3, 1', '0, 1, 2, 3, 4, 1'),
                ('bb-major', 'Bb', 'Major', '1', 'False', '-1, 1, 3, 3, 3, 1', '0, 1, 2, 3, 4, 1'),
                ('b-major', 'B', 'Major', '2', 'False', '-1, 2, 4, 4, 4, 2', '0, 1, 2, 3, 4, 1'),
                ('b#-major', 'B#', 'Major', '3', 'False', '-1, 3, 5, 5, 5, 3', '0, 1, 2, 3, 4, 1'),
                ('cb-major', 'Cb', 'Major', '2', 'False', '-1, 2, 4, 4, 4, 2', '0, 1, 2, 3, 4, 1'),
                ('c-major', 'C', 'Major', 'None', 'False', '-1, 3, 2, 0, 1, 0', '0, 3, 2, 0, 1, 0'),
                ('c#-major', 'C#', 'Major', '4', 'False', '-1, 4, 6, 6, 6, 4', '0, 1, 2, 3, 4, 1'),
                ('db-major', 'Db', 'Major', '4', 'False', '-1, 4, 6, 6, 6, 4', '0, 1, 2, 3, 4, 1'),
                ('d-major', 'D', 'Major', 'None', 'False', '-1, -1, 0, 2, 3, 2', '0, 0, 0, 1, 3, 2'),
                ('d#-major', 'D#', 'Major', '4', 'False', '-1, 6, 8, 8, 8, 6', '0, 1, 2, 3, 4, 1'),
                ('eb-major', 'Eb', 'Major', '4', 'False', '-1, 6, 8, 8, 8, 6', '0, 1, 2, 3, 4, 1'),
                ('e-major', 'E', 'Major', 'None', 'False', '0, 2, 2, 1, 0, 0', '0, 2, 3, 1, 0, 0'),
                ('e#-major', 'E#', 'Major', '1', 'False', '1, 3, 3, 2, 1, 1', '1, 3, 4, 2, 1, 1'),
                ('fb-major', 'Fb', 'Major', 'None', 'False', '0, 2, 2, 1, 0, 0', '0, 2, 3, 1, 0, 0'),
                ('f-major', 'F', 'Major', '1', 'False', '1, 3, 3, 2, 1, 1', '1, 3, 4, 2, 1, 1'),
                ('f#-major', 'F#', 'Major', '2', 'False', '2, 4, 4, 3, 2, 2', '1, 3, 4, 2, 1, 1'),
                ('gb-major', 'Gb', 'Major', '2', 'False', '2, 4, 4, 3, 2, 2', '1, 3, 4, 2, 1, 1'),
                ('g-minor', 'G', 'Minor', '3', 'False', '3, 5, 5, 3, 3, 3', '1, 3, 4, 1, 1, 1'),
                ('g#-minor', 'G#', 'Minor', '4', 'False', '4, 6, 6, 4, 4, 4', '1, 3, 4, 1, 1, 1'),
                ('ab-minor', 'Ab', 'Minor', '4', 'False', '4, 6, 6, 4, 4, 4', '1, 3, 4, 1, 1, 1'),
                ('a-minor', 'A', 'Minor', 'None', 'False', '-1, 0, 2, 2, 1, 0', '0, 0, 2, 3, 1, 0'),
                ('a#-minor', 'A#', 'Minor', '1', 'False', '-1, 1, 3, 3, 2, 1', '0, 1, 3, 4, 2, 1'),
                ('bb-minor', 'Bb', 'Minor', '1', 'False', '-1, 1, 3, 3, 2, 1', '0, 1, 3, 4, 2, 1'),
                ('b-minor', 'B', 'Minor', '2', 'False', '-1, 2, 4, 4, 3, 2', '0, 1, 3, 4, 2, 1'),
                ('b#-minor', 'B#', 'Minor', '3', 'False', '-1, 3, 5, 5, 4, 3', '0, 1, 3, 4, 2, 1'),
                ('c-minor', 'C', 'Minor', '3', 'False', '-1, 3, 5, 5, 4, 3', '0, 1, 3, 4, 2, 1'),
                ('cb-minor', 'Cb', 'Minor', '2', 'False', '-1, 2, 4, 4, 3, 2', '0, 1, 3, 4, 2, 1'),
                ('c#-minor', 'C#', 'Minor', '4', 'False', '-1, 4, 6, 6, 5, 4', '0, 1, 2, 3, 4, 1'),
                ('d-minor', 'D', 'Minor', 'None', 'False', '-1, -1, 0, 2, 3, 1', '0, 0, 0, 2, 4, 1'),
                ('e-minor', 'E', 'Minor', 'None', 'False', '0, 2, 2, 0, 0, 0', '0, 2, 3, 0, 0, 0'),
                ('e#-minor', 'E#', 'Minor', '1', 'False', '1, 3, 3, 1, 1, 1', '1, 3, 4, 1, 1, 1'),
                ('fb-minor', 'Fb', 'Minor', 'None', 'False', '0, 2, 2, 0, 0, 0', '0, 2, 3, 0, 0, 0'),
                ('f-minor', 'F', 'Minor', '1', 'False', '1, 3, 3, 1, 1, 1', '1, 3, 4, 1, 1, 1'),
                ('g-7', 'G', '7', 'None', 'False', '3, 2, 0, 0, 0, 1', '3, 2, 0, 0, 0, 1'),
                ('g#-7', 'G#', '7', '4', 'False', '4, 6, 4, 5, 4, 4', '1, 3, 1, 2, 1, 1'),
                ('ab-7', 'Ab', '7', '4', 'False', '4, 6, 4, 5, 4, 4', '1, 3, 1, 2, 1, 1'),
                ('a-7', 'A', '7', 'None', 'False', '-1, 0, 2, 0, 2, 0', '0, 0, 2, 0, 3, 0'),
                ('a#-7', 'A#', '7', '1', 'False', '-1, 1, 3, 1, 3, 1', '0, 1, 3, 1, 4, 1'),
                ('bb-7', 'Bb', '7', '1', 'False', '-1, 1, 3, 1, 3, 1', '0, 1, 3, 1, 4, 1'),
                ('b-7', 'B', '7', 'None', 'False', '-1, 2, 1, 2, 0, 2', '0, 2, 1, 3, 0, 4'),
                ('b#-7', 'B#', '7', 'None', 'False', '-1, 3, 2, 3, 1, 0', '0, 3, 2, 4, 1, 0'),
                ('cb-7', 'Cb', '7', 'None', 'False', '-1, 2, 1, 2, 0, 2', '0, 2, 1, 3, 0, 4'),
                ('c-7', 'C', '7', 'None', 'False', '-1, 3, 2, 3, 1, 0', '0, 3, 2, 4, 1, 0'),
                ('c#-7', 'C#', '7', '4', 'False', '-1, 4, 6, 4, 6, 4', '0, 1, 3, 1, 4, 1'),
                ('db-7', 'Db', '7', '4', 'False', '-1, 4, 6, 4, 6, 4', '0, 1, 3, 1, 4, 1'),
                ('d-7', 'D', '7', 'None', 'False', '-1, -1, 0, 2, 1, 2', '0, 0, 0, 2, 1, 3'),
                ('d#-7', 'D#', '7', '6', 'False', '-1, 6, 8, 6, 8, 6', '0, 1, 3, 1, 4, 1'),
                ('eb-7', 'Eb', '7', '6', 'False', '-1, 6, 8, 6, 8, 6', '0, 1, 3, 1, 4, 1'),
                ('e-7', 'E', '7', 'None', 'False', '0, 2, 0, 1, 0, 0', '0, 2, 0, 1, 0, 0'),
                ('e#-7', 'E#', '7', '1', 'False', '1, 3, 1, 2, 1, 1', '1, 3, 1, 2, 1, 1'),
                ('fb-7', 'Fb', '7', 'None', 'False', '0, 2, 0, 1, 0, 0', '0, 2, 0, 1, 0, 0'),
                ('f-7', 'F', '7', '1', 'False', '1, 3, 1, 2, 1, 1', '1, 3, 1, 2, 1, 1'),
                ('f#-7', 'F#', '7', '2', 'False', '2, 4, 2, 4, 2, 2', '1, 3, 1, 2, 1, 1'),
                ('gb-7', 'Gb', '7', '2', 'False', '2, 4, 2, 4, 2, 2', '1, 3, 1, 2, 1, 1'),
                ('a-maj7', 'A', 'maj7', 'None', 'False', '-1, 0, 2, 1, 2, 0', '0, 0, 2, 1, 3, 0'),
                ('a#-maj7', 'A#', 'maj7', '1', 'False', '-1, 1, 3, 2, 3, 1', '0, 1, 3, 2, 4, 1'),
                ('bb-maj7', 'Bb', 'maj7', '1', 'False', '-1, 1, 3, 2, 3, 1', '0, 1, 3, 2, 4, 1'),
                ('a-min7', 'A', 'min7', 'None', 'False', '-1, 0, 2, 0, 1, 0', '0, 0, 2, 0, 1, 0'),
                ('bb-min7', 'Bb', 'min7', '1', 'False', '-1, 1, 3, 1, 3, 1', '0, 1, 3, 1, 2, 1'),
                ('b-min7', 'B', 'min7', '2', 'False', '-1, 2, 4, 2, 3, 2', '0, 1, 3, 1, 2, 1'),
                ('c-min7', 'C', 'min7', '3', 'False', '-1, 3, 5, 3, 4, 3', '0, 1, 3, 1, 2, 1'),
                ('e-min7', 'E', 'min7', 'None', 'False', '0, 2, 0, 0, 0, 0', '0, 2, 0, 0, 0, 0');
                
INSERT INTO USERS(username, password, profile_picture, bio, is_admin)
        VALUES('testuser', 'testtest', 'https://picsum.photos/200/300', 'test user', FALSE),  
              ('testuser2', 'testtest', 'https://picsum.photos/200/300', 'test user 2', FALSE),
              ('testadmin', 'admin', 'https://picsum.photos/200/300', 'test admin', TRUE);

INSERT INTO PROGRESSIONS(chord_1, chord_2, chord_3, chord_4)
        VALUES('c-major', 'a-minor', 'f-major', 'g-major'),
                ('c-major', 'a-minor', 'f-major', 'g-7'),
                ('d-major', 'b-minor', 'g-major', 'a-major'),
                ('d-major', 'b-minor', 'g-major', 'a-7'),
                ('e-minor', 'c-major', 'g-major', 'd-major'),
                ('a-minor', 'g-major', 'f-major', 'e-7');   

INSERT INTO USER_CHORDS(username, chord_fullname)
        VALUES('testuser', 'c-major'),
                ('testuser', 'e-minor'),
                ('testuser', 'a-minor');
